{
    "mutation_ref": 0.31000704522498485,
    "esm_pca_wild_1": 0.28938359881655995,
    "wild_relaxed_Relative_ASA": 0.2796921610069369,
    "alphafold_Relative_ASA": 0.2753209481574656,
    "direct_demask_matrix": 0.2741423973889305,
    "esm_pca_mutant_1": 0.2674063459927809,
    "mutation_helix_fraction": 0.26503687368457385,
    "mutated_relaxed_Relative_ASA": 0.25798736882745704,
    "alphafold_sasa": 0.25634033106965837,
    "mutated_relaxed_sasa": 0.254284235843875,
    "wild_relaxed_sasa": 0.2524249058410918,
    "mutation_gravy": 0.2339791154336722,
    "esm_pca_pool_26": 0.2129402785938236,
    "direct_demask_score": 0.2061090732458408,
    "direct_demask_log2f_var": 0.15431996877367676,
    "esm_pca_wild_10": 0.15016361154616056,
    "esm_pca_local_0": 0.139633734676761,
    "esm_pca_pool_20": 0.1384460711145544,
    "blosum100": 0.1365329012271791,
    "blosum80": 0.13335600200433384,
    "blosum90": 0.13257435622360472,
    "esm_pca_wild_11": 0.12497017203306512,
    "mutation_charge_at_pH": 0.12186174220219095,
    "esm_pca_mutant_10": 0.12101608878191511,
    "blosum62": 0.12069442346127217,
    "esm_pca_pool_11": 0.11090006551502665,
    "esm_pca_mutant_13": 0.11009837908958606,
    "mutation_aromaticity": 0.10753927875000352,
    "mutation_molar_extinction_2": 0.09631969721741845,
    "mutation_molar_extinction_1": 0.09631265780381147,
    "alphafold_NH->O_1_energy": 0.09601015145948766,
    "wild_relaxed_NH->O_2_energy": 0.09574151196885088,
    "esm_pca_pool_12": 0.09474227289584117,
    "mutated_aa_int": 0.09275062119791301,
    "wild_relaxed_NH->O_1_energy": 0.08917188269019559,
    "alphafold_NH->O_2_energy": 0.08568005329762843,
    "mutated_relaxed_NH->O_2_energy": 0.08262297997944376,
    "mutation_residue_depth": 0.0810082078062666,
    "esm_pca_wild_2": 0.08070206889756996,
    "esm_pca_mutant_11": 0.07914661614591925,
    "wild_sheet_fraction": 0.07804369118460097,
    "alphafold_O->NH_1_energy": 0.07646261058311796,
    "esm_pca_wild_13": 0.07601133766824741,
    "mutated_sheet_fraction": 0.07452191304782171,
    "esm_pca_local_8": 0.07303547192012183,
    "esm_pca_pool_7": 0.07171697977742124,
    "esm_pca_local_6": 0.07117193109278172,
    "mutated_relaxed_NH->O_1_energy": 0.0708989501329601,
    "mutation_molecular_weight": 0.06822789266801497,
    "wild_relaxed_O->NH_1_energy": 0.0673620397266238,
    "esm_pca_mutant_2": 0.06700006953350068,
    "esm_pca_pool_16": 0.06345694496374048,
    "esm_pca_mutant_8": 0.0629724884801753,
    "wild_relaxed_Phi": 0.061603441271653285,
    "alphafold_O->NH_2_energy": 0.061108763447486766,
    "mutated_relaxed_O->NH_1_energy": 0.06098085991632475,
    "esm_pca_pool_18": 0.06055085865022273,
    "esm_pca_pool_8": 0.05999667708753338,
    "alphafold_Phi": 0.05873259821691665,
    "wild_relaxed_O->NH_2_energy": 0.05819277102487183,
    "mutated_relaxed_O->NH_2_energy": 0.05695589940162056,
    "alphafold_fa_dun": 0.056868638228088325,
    "mutation_isoelectric_point": 0.05496748006882911,
    "wild_relaxed_Secondary_structure": 0.05271584114072604,
    "esm_pca_mutant_6": 0.05199889212831465,
    "length": 0.05193221163573558,
    "mutated_flexibility": 0.05181728097296924,
    "alphafold_Secondary_structure": 0.051808918970543016,
    "direct_demask_entropy": 0.050465649165411006,
    "mutated_molecular_weight": 0.049012940672003874,
    "wild_molecular_weight": 0.04894902582519165,
    "mutated_relaxed_Secondary_structure": 0.04862850737520406,
    "mutation_Secondary_structure": 0.04862850737520406,
    "wild_relaxed_fa_intra_rep": 0.04837405964633727,
    "mutated_relaxed_fa_intra_rep": 0.047985999000318705,
    "alphafold_fa_intra_rep": 0.04789755235369359,
    "wild_relaxed_fa_intra_sol_xover4": 0.04600151290235378,
    "wild_flexibility": 0.04562844096113925,
    "mutated_relaxed_fa_intra_sol_xover4": 0.04545304377504748,
    "mutated_relaxed_Phi": 0.04492170047719431,
    "chain_end": 0.04468338364164811,
    "mutated_molar_extinction_1": 0.043684482633981905,
    "mutated_molar_extinction_2": 0.043399386704489146,
    "alphafold_fa_intra_sol_xover4": 0.04295508043798633,
    "esm_pca_wild_7": 0.04234543876151378,
    "wild_molar_extinction_1": 0.041305119313930556,
    "esm_pca_mutant_15": 0.04108294209273524,
    "wild_molar_extinction_2": 0.04103710684254029,
    "alphafold_fa_rep": 0.04075977647154652,
    "wild_relaxed_fa_sol": 0.040673507400975424,
    "mutated_relaxed_fa_sol": 0.039549469138754595,
    "mutated_relaxed_ref": 0.039519554985922585,
    "indirect_demask_entropy": 0.03942063281287503,
    "alphafold_fa_sol": 0.039274901795641366,
    "wild_relaxed_fa_dun": 0.03882948030738714,
    "esm_pca_local_13": 0.03752699802434295,
    "mutated_relaxed_fa_dun": 0.03729028388855773,
    "esm_pca_wild_15": 0.0360482860635669,
    "wild_relaxed_fa_rep": 0.03530657305464056,
    "alphafold_omega": 0.03506105841191134,
    "mutation_hbond_sc": 0.03344098611539615,
    "esm_pca_wild_14": 0.03229350229915901,
    "mutated_relaxed_fa_rep": 0.031862285508342,
    "mutation_fa_elec": 0.031422716401826874,
    "alphafold_ref": 0.030546230440511742,
    "wild_relaxed_ref": 0.030546230440511742,
    "esm_pca_pool_6": 0.029802769814418678,
    "esm_pca_pool_0": 0.029217321406205823,
    "esm_pca_local_12": 0.02739767433547717,
    "esm_pca_local_3": 0.027393951588542576,
    "esm_pca_pool_2": 0.027361424272182952,
    "esm_pca_mutant_7": 0.02605332277853796,
    "mutated_relaxed_NH->O_1_relidx": 0.025886271101798353,
    "mutation_c_alpha_depth": 0.023939774891294088,
    "mutation_yhh_planarity": 0.022974346385135985,
    "mutation_NH->O_1_relidx": 0.021763569062704293,
    "esm_pca_pool_21": 0.02088680335995702,
    "wild_relaxed_NH->O_1_relidx": 0.01917835944528904,
    "alphafold_NH->O_1_relidx": 0.01822200938336468,
    "wild_relaxed_O->NH_1_relidx": 0.018171637759229003,
    "esm_pca_wild_6": 0.017631454088848933,
    "mutated_relaxed_O->NH_1_relidx": 0.017397073489557546,
    "esm_pca_wild_9": 0.015018291223551273,
    "alphafold_rama_prepro": 0.014193684179827254,
    "alphafold_total_score": 0.013458458737955951,
    "alphafold_NH->O_2_relidx": 0.013086051640122581,
    "alphafold_O->NH_1_relidx": 0.012582367308070792,
    "pH": 0.012376563946038522,
    "mutated_gravy": 0.010979944933358514,
    "wild_relaxed_pro_close": 0.009636331029761127,
    "esm_pca_mutant_14": 0.009323538632191689,
    "wild_relaxed_omega": 0.009227973139521886,
    "mutation_O->NH_2_relidx": 0.006015693120620579,
    "mutation_sasa": 0.0031537025984622294,
    "wild_relaxed_rama_prepro": 0.0029863285125825744,
    "mutated_relaxed_omega": 0.002709753895809518,
    "mutated_relaxed_pro_close": 0.002686256468473254,
    "esm_pca_wild_8": 0.0017215694023158393,
    "wild_relaxed_NH->O_2_relidx": 0.001689978735684554,
    "esm_pca_local_15": -0.0008218631703173941,
    "esm_pca_mutant_9": -0.0010157660114901222,
    "mutation_O->NH_2_energy": -0.0011041374979926198,
    "alphafold_yhh_planarity": -0.0012830336526446053,
    "mutated_relaxed_rama_prepro": -0.001388862257703721,
    "esm_pca_wild_5": -0.003931299289592878,
    "mutated_relaxed_NH->O_2_relidx": -0.004560110216046332,
    "alphafold_hbond_sc": -0.005123188646261637,
    "mutated_helix_fraction": -0.005539588672637236,
    "alphafold_p_aa_pp": -0.007806806216013306,
    "mutation_position": -0.009603826111745508,
    "indirect_demask_score": -0.010639633437519242,
    "wild_gravy": -0.011185478265464597,
    "alphafold_pro_close": -0.011378334364014043,
    "alphafold_hbond_bb_sc": -0.013197657135063545,
    "mutation_NH->O_2_relidx": -0.014274513103531719,
    "mutation_pro_close": -0.01444073120211999,
    "mutation_Psi": -0.014786709292989654,
    "mutation_O->NH_1_relidx": -0.015508819332671144,
    "esm_mutation_entropy": -0.017143468194968363,
    "wild_relaxed_dslf_fa13": -0.017440986355146005,
    "alphafold_O->NH_2_relidx": -0.017797863643110885,
    "mutated_relaxed_dslf_fa13": -0.017805937095939205,