{
    "pH": 0.19599489492983804,
    "mutation_helix_fraction": 0.18974261489697772,
    "esm_pca_wild_11": 0.18836880710978995,
    "esm_pca_pool_20": 0.18340252254806083,
    "wild_relaxed_dslf_fa13": 0.16090600237008176,
    "esm_pca_mutant_8": 0.16059668021948004,
    "mutated_relaxed_dslf_fa13": 0.15796270906054727,
    "wild_flexibility": 0.15477866924799652,
    "esm_pca_wild_15": 0.15141003827141034,
    "alphafold_dslf_fa13": 0.15035173939263172,
    "esm_pca_pool_7": 0.14172928375732075,
    "wild_sheet_fraction": 0.1397975834487452,
    "esm_pca_pool_31": 0.13274459473179034,
    "mutated_sheet_fraction": 0.12287022045408136,
    "esm_pca_wild_8": 0.12154535635791061,
    "esm_pca_local_13": 0.11934938598347183,
    "direct_demask_matrix": 0.11219347609362273,
    "esm_pca_pool_21": 0.10607353520419105,
    "mutation_ref": 0.1058551900679053,
    "esm_pca_mutant_3": 0.10178307084148419,
    "esm_pca_mutant_11": 0.09771366543008378,
    "esm_pca_wild_3": 0.09700834541684601,
    "mutation_isoelectric_point": 0.09226821263141353,
    "mutation_aromaticity": 0.08905565053605177,
    "wild_relaxed_Phi": 0.08614200875288994,
    "esm_pca_pool_24": 0.08555730820837114,
    "direct_demask_score": 0.08394755955081244,
    "direct_demask_log2f_var": 0.08388413031062986,
    "mutation_O->NH_2_relidx": 0.08253116129730548,
    "mutation_molar_extinction_2": 0.08112307686628277,
    "alphafold_NH->O_2_energy": 0.08099027554737512,
    "mutation_molar_extinction_1": 0.08082901219754206,
    "mutated_relaxed_Phi": 0.08019833016569874,
    "esm_pca_pool_11": 0.07984718255834182,
    "esm_pca_pool_26": 0.07762244996189178,
    "esm_pca_wild_1": 0.07734055886004515,
    "mutation_charge_at_pH": 0.07449171707187818,
    "alphafold_Phi": 0.07345598630977336,
    "esm_pca_mutant_15": 0.07306357540982597,
    "esm_pca_mutant_1": 0.07005964045465286,
    "blosum90": 0.06999402404708223,
    "wild_relaxed_NH->O_2_energy": 0.06556096777758011,
    "esm_pca_local_9": 0.06436913554742048,
    "mutated_relaxed_NH->O_2_energy": 0.05813009937591239,
    "blosum100": 0.058109220710546174,
    "alphafold_O->NH_2_energy": 0.05684992587188671,
    "blosum62": 0.05619840503092163,
    "blosum80": 0.05448528118859613,
    "esm_pca_pool_6": 0.050328138267282455,
    "esm_pca_pool_16": 0.04908689101318257,
    "esm_pca_pool_18": 0.048329396508386385,
    "mutation_residue_depth": 0.04672394438956191,
    "mutation_position": 0.0426396522275635,
    "mutation_lk_ball_wtd": 0.04207049768417478,
    "alphafold_Relative_ASA": 0.041278177837534125,
    "wild_relaxed_Relative_ASA": 0.037408311073215496,
    "alphafold_O->NH_1_energy": 0.03313797217698334,
    "mutation_molecular_weight": 0.03283903086477871,
    "alphafold_yhh_planarity": 0.03059905574528338,
    "mutation_turn_fraction": 0.030013649724309956,
    "alphafold_O->NH_2_relidx": 0.028446668165545235,
    "mutated_aa_int": 0.02802585862208272,
    "mutated_relaxed_Relative_ASA": 0.025460623926697137,
    "mutation_O->NH_2_energy": 0.02532965718328013,
    "wild_relaxed_O->NH_1_relidx": 0.025114252903071566,
    "mutated_relaxed_O->NH_1_relidx": 0.02501434277193971,
    "alphafold_O->NH_1_relidx": 0.024896203480132287,
    "chain_end": 0.024191267658255237,
    "alphafold_fa_sol": 0.024021324173366,
    "mutated_relaxed_O->NH_2_relidx": 0.023306342936029012,
    "wild_relaxed_fa_sol": 0.023009718588731742,
    "mutated_relaxed_fa_sol": 0.022687997866253362,
    "esm_pca_local_10": 0.02188892839140351,
    "esm_pca_pool_28": 0.020994382798763245,
    "mutation_gravy": 0.020866570249117013,
    "alphafold_NH->O_1_relidx": 0.020524586306282153,
    "mutated_relaxed_O->NH_2_energy": 0.020070202876038484,
    "esm_pca_pool_30": 0.01993799773114838,
    "wild_relaxed_hbond_bb_sc": 0.019622415016471547,
    "alphafold_NH->O_2_relidx": 0.0189591605909145,
    "esm_pca_local_8": 0.01887155497092504,
    "mutated_flexibility": 0.018748068471536428,
    "length": 0.018340601608660453,
    "wild_relaxed_NH->O_2_relidx": 0.018339352251483948,
    "mutated_relaxed_hbond_bb_sc": 0.017986963900274617,
    "wild_relaxed_pro_close": 0.017610810169528566,
    "esm_pca_pool_13": 0.01726935693530596,
    "esm_pca_local_4": 0.017258654679317455,
    "wild_relaxed_O->NH_1_energy": 0.017017689610972882,
    "mutated_relaxed_pro_close": 0.016577148059383033,
    "alphafold_fa_intra_sol_xover4": 0.016370581746728684,
    "mutated_relaxed_NH->O_2_relidx": 0.015957376963099526,
    "mutated_relaxed_hbond_lr_bb": 0.014782021719763687,
    "alphafold_hbond_bb_sc": 0.014721910675997086,
    "wild_relaxed_fa_rep": 0.014677878913378559,
    "wild_relaxed_hbond_lr_bb": 0.014673524638057593,
    "mutated_molecular_weight": 0.01457252233039219,
    "wild_molecular_weight": 0.0145202497980926,
    "mutation_c_alpha_depth": 0.014513412909692248,
    "alphafold_fa_intra_rep": 0.014482478607302394,
    "wild_relaxed_O->NH_2_energy": 0.014390997731946619,
    "wild_relaxed_omega": 0.014292043984666002,
    "alphafold_hbond_lr_bb": 0.014163220193128823,
    "mutated_relaxed_O->NH_1_energy": 0.013765198607078526,
    "direct_demask_entropy": 0.013348924959002733,
    "mutation_fa_intra_rep": 0.01317820606349518,
    "alphafold_p_aa_pp": 0.013016718666703777,
    "mutated_relaxed_fa_intra_rep": 0.012531848913489326,
    "wild_relaxed_fa_intra_rep": 0.011999927900092666,
    "mutated_relaxed_rama_prepro": 0.01195714216155284,
    "mutated_relaxed_omega": 0.011346203627130198,
    "wild_relaxed_fa_intra_sol_xover4": 0.011251628787373224,
    "mutated_relaxed_fa_intra_sol_xover4": 0.010907359871666151,
    "wild_relaxed_NH->O_1_relidx": 0.010804685155288733,
    "alphafold_omega": 0.010718482764305872,
    "wild_relaxed_rama_prepro": 0.010704791216969904,
    "alphafold_rama_prepro": 0.010434244626473679,
    "mutation_hbond_lr_bb": 0.010284192250516128,
    "alphafold_sasa": 0.010048021807177225,
    "mutated_relaxed_NH->O_1_relidx": 0.00880653999983338,
    "alphafold_pro_close": 0.008323166460367928,
    "wild_relaxed_fa_dun": 0.007329069305330059,
    "esm_pca_local_0": 0.006607962915089414,
    "wild_relaxed_O->NH_2_relidx": 0.006520207686324639,
    "alphafold_fa_dun": 0.005980257848025672,
    "mutated_relaxed_fa_dun": 0.0055838002807567875,
    "mutated_relaxed_fa_rep": 0.004903338604825367,
    "wild_relaxed_total_score": 0.003928737285366327,
    "wild_relaxed_p_aa_pp": 0.003241923558573763,
    "esm_pca_wild_7": 0.002906715449485287,
    "alphafold_total_score": 0.0026593279401843557,
    "wild_relaxed_hbond_sc": 0.002207093053092838,
    "esm_pca_wild_5": 0.002190179047454117,
    "esm_pca_mutant_12": 0.002036703884679022,
    "esm_pca_wild_12": 0.0017844578413225647,
    "esm_pca_local_14": 0.000784169986064251,
    "mutation_rama_prepro": 0.0005625491204165719,
    "esm_pca_local_12": 0.000308625209490777,
    "esm_pca_mutant_13": -0.0003348652151808177,
    "mutation_O->NH_1_relidx": -0.001155669961811041,
    "esm_mutation_probability": -0.001700082989633996,
    "mutated_relaxed_hbond_sc": -0.0032637279973589343,
    "wild_relaxed_sasa": -0.0033890629261045554,
    "esm_pca_pool_8": -0.004171684314884581,
    "mutation_sasa": -0.005755327270856462,
    "mutated_relaxed_sasa": -0.006990532558082448,
    "esm_pca_pool_4": -0.007348005037388104,
    "esm_pca_mutant_7": -0.007800354926805058,
    "mutated_relaxed_total_score": -0.008292001129903389,
    "mutated_relaxed_p_aa_pp": -0.008472985283743068,
    "indirect_demask_entropy": -0.009114076202922792,
    "mutation_hbond_bb_sc": -0.009242172401862588,
    "mutation_NH->O_2_relidx": -0.010688376587379271,
    "indirect_demask_matrix": -0.01113386351205005,
    "esm_pca_local_3": -0.011243558417334728,
    "alphafold_hbond_sc": -0.012806092121164908,
    "alphafold_fa_atr": -0.012867147366430009,
    "wild_relaxed_fa_atr": -0.013278720711459044,
    "alphafold_fa_rep": -0.013682512164377894,
    "mutated_relaxed_lk_ball_wtd": -0.013729549654210412,
    "esm_mutation_entropy": -0.013858709337597598,